date	pipeline	methodology_version	accuracy	actionability	coverage	composite_score	experiment	status	notes
2026-04-13	daily-iteration	v1.0
v	0	0	0	0	baseline	pending	Auto-scored
2026-04-14	daily-iteration	v1.0
v	0	0	0	0	baseline	pending	Auto-scored
2026-04-15	daily-iteration	v1.0
v	0	0	0	0	baseline	pending	Auto-scored
2026-04-16	daily-iteration	v1.0
v	0	0	0	0	baseline	pending	Auto-scored
2026-04-17	daily-iteration	v1.0
v	0	0	0	0	baseline	pending	Auto-scored
2026-04-20	daily-iteration	v1.0
v	0	0	0	0	baseline	pending	Auto-scored
2026-04-21	daily-iteration	v1.0
v	0	0	0	0	baseline	pending	Auto-scored
2026-04-22	daily-iteration	v1.0
v	0	0	0	0	baseline	pending	Auto-scored
2026-04-23	daily-iteration	v1.0
v	0	0	0	0	baseline	pending	Auto-scored
2026-04-24	daily-iteration	v1.0
v	0	0	0	0	baseline	pending	Auto-scored
